{
	"class_name" : "PinholeCameraParameters",
	"extrinsic" : 
	[
		0.94695895452137191,
		0.02553742990666771,
		-0.32033822457763661,
		0.0,
		-0.1175577155909717,
		-0.90021348016390845,
		-0.41928018512233178,
		0.0,
		-0.29908012631537811,
		0.43469935565278522,
		-0.84946309410016807,
		0.0,
		-0.062396934745362787,
		0.020621766268024033,
		2.2665927918854147,
		1.0
	],
	"intrinsic" : 
	{
		"height" : 1080,
		"intrinsic_matrix" : 
		[
			935.30743608719376,
			0.0,
			0.0,
			0.0,
			935.30743608719376,
			0.0,
			959.5,
			539.5,
			1.0
		],
		"width" : 1920
	},
	"version_major" : 1,
	"version_minor" : 0
}